{
  "command_line" : [
    "./.build/release/blake3-bench",
    "--sizes",
    "64m,256m,512m,1g",
    "--iterations",
    "7",
    "--metal-modes",
    "none",
    "--cryptokit-modes",
    "none",
    "--cpu-workers",
    "10",
    "--json-output",
    "benchmarks/results/20260421T-cpu-parallel-parent-cutoff-2048-focused/report.json"
  ],
  "environment" : {
    "backend" : "swift-simd4",
    "cpu_workers" : 10,
    "cryptokit_modes" : [

    ],
    "default_backend_policy" : "automatic",
    "default_metal_minimum_byte_count" : 16777216,
    "default_parallel_workers" : 10,
    "file_modes" : [

    ],
    "hasher_bytes" : 8,
    "memory_stats" : false,
    "metal_device" : "Apple M4",
    "metal_library" : "runtime-source",
    "metal_mapped_tile_byte_count" : 67108864,
    "metal_minimum_gpu_byte_count" : 16777216,
    "metal_modes" : [

    ],
    "metal_staged_read_tile_byte_count" : 33554432,
    "metal_tile_byte_count" : 67108864,
    "parallel_simd_degree" : 4,
    "simd_degree" : 4
  },
  "generated_at_utc" : "2026-04-21T15:06:53.897Z",
  "memory_samples" : [

  ],
  "request" : {
    "iterations_override" : 7,
    "sizes" : [
      "64.0 MiB",
      "256.0 MiB",
      "512.0 MiB",
      "1.0 GiB"
    ],
    "sizes_bytes" : [
      67108864,
      268435456,
      536870912,
      1073741824
    ]
  },
  "rows" : [
    {
      "backend" : "cpu",
      "byte_count" : 67108864,
      "correct" : true,
      "digest" : "5d963e2e3f79202057d92f955717fd730f5076b4995df8bdfc5c3d31cf07d69f",
      "iterations" : 7,
      "maximum_gib_per_second" : 1.1774938608767076,
      "median_gib_per_second" : 1.1690136564175342,
      "minimum_gib_per_second" : 1.1647898020323253,
      "mode" : "scalar",
      "p95_gib_per_second" : 1.1774938608767076,
      "sample_nanoseconds" : [
        53078833,
        53657750,
        53468584,
        53463875,
        53438584,
        53338667,
        53507167
      ],
      "size" : "64.0 MiB"
    },
    {
      "backend" : "cpu",
      "byte_count" : 67108864,
      "correct" : true,
      "digest" : "5d963e2e3f79202057d92f955717fd730f5076b4995df8bdfc5c3d31cf07d69f",
      "iterations" : 7,
      "maximum_gib_per_second" : 1.8900519008251968,
      "median_gib_per_second" : 1.8604766356581275,
      "minimum_gib_per_second" : 1.8518724282121655,
      "mode" : "single-simd",
      "p95_gib_per_second" : 1.8900519008251968,
      "sample_nanoseconds" : [
        33510250,
        33593542,
        33686417,
        33749625,
        33542250,
        33067875,
        33738292
      ],
      "size" : "64.0 MiB"
    },
    {
      "backend" : "cpu",
      "byte_count" : 67108864,
      "correct" : true,
      "digest" : "5d963e2e3f79202057d92f955717fd730f5076b4995df8bdfc5c3d31cf07d69f",
      "iterations" : 7,
      "maximum_gib_per_second" : 11.852835198179404,
      "median_gib_per_second" : 11.767842496936595,
      "minimum_gib_per_second" : 11.371561308089802,
      "mode" : "parallel-10",
      "p95_gib_per_second" : 11.852835198179404,
      "sample_nanoseconds" : [
        5311084,
        5364333,
        5285791,
        5273000,
        5457917,
        5295958,
        5496167
      ],
      "size" : "64.0 MiB"
    },
    {
      "backend" : "official-c",
      "byte_count" : 67108864,
      "correct" : true,
      "digest" : "5d963e2e3f79202057d92f955717fd730f5076b4995df8bdfc5c3d31cf07d69f",
      "iterations" : 7,
      "maximum_gib_per_second" : 2.2350464219141832,
      "median_gib_per_second" : 2.2325282074580945,
      "minimum_gib_per_second" : 2.2037887536252323,
      "mode" : "one-shot",
      "p95_gib_per_second" : 2.2350464219141832,
      "sample_nanoseconds" : [
        27995167,
        28024375,
        28002875,
        27965708,
        27963625,
        27979083,
        28360250
      ],
      "size" : "64.0 MiB"
    },
    {
      "backend" : "cpu",
      "byte_count" : 67108864,
      "correct" : true,
      "digest" : "5d963e2e3f79202057d92f955717fd730f5076b4995df8bdfc5c3d31cf07d69f",
      "iterations" : 7,
      "maximum_gib_per_second" : 11.920183216076875,
      "median_gib_per_second" : 11.711431819042076,
      "minimum_gib_per_second" : 11.102146497885618,
      "mode" : "context-auto",
      "p95_gib_per_second" : 11.920183216076875,
      "sample_nanoseconds" : [
        5336666,
        5367250,
        5271792,
        5360750,
        5629542,
        5243208,
        5277500
      ],
      "size" : "64.0 MiB"
    },
    {
      "backend" : "blake3",
      "byte_count" : 67108864,
      "correct" : true,
      "digest" : "5d963e2e3f79202057d92f955717fd730f5076b4995df8bdfc5c3d31cf07d69f",
      "iterations" : 7,
      "maximum_gib_per_second" : 14.805746240406467,
      "median_gib_per_second" : 14.679835144276943,
      "minimum_gib_per_second" : 9.075672521854946,
      "mode" : "default-auto",
      "p95_gib_per_second" : 14.805746240406467,
      "sample_nanoseconds" : [
        4221334,
        4237375,
        4257541,
        4333625,
        4303708,
        4254541,
        6886542
      ],
      "size" : "64.0 MiB"
    },
    {
      "backend" : "cpu",
      "byte_count" : 268435456,
      "correct" : true,
      "digest" : "becf6b3859f05bc9d47405cded4071e1914a9fdcf7ef595cad530e8d8a362b38",
      "iterations" : 7,
      "maximum_gib_per_second" : 1.1708137232181746,
      "median_gib_per_second" : 1.1663884146016639,
      "minimum_gib_per_second" : 1.1642114417536285,
      "mode" : "scalar",
      "p95_gib_per_second" : 1.1708137232181746,
      "sample_nanoseconds" : [
        214737625,
        214336834,
        214505625,
        214223375,
        214568584,
        214268542,
        213526708
      ],
      "size" : "256.0 MiB"
    },
    {
      "backend" : "cpu",
      "byte_count" : 268435456,
      "correct" : true,
      "digest" : "becf6b3859f05bc9d47405cded4071e1914a9fdcf7ef595cad530e8d8a362b38",
      "iterations" : 7,
      "maximum_gib_per_second" : 1.8344119210711545,
      "median_gib_per_second" : 1.8107265630870713,
      "minimum_gib_per_second" : 1.8003139704356905,
      "mode" : "single-simd",
      "p95_gib_per_second" : 1.8344119210711545,
      "sample_nanoseconds" : [
        137383500,
        136283458,
        137541333,
        138184959,
        138066125,
        138699375,
        138864667
      ],
      "size" : "256.0 MiB"
    },
    {
      "backend" : "cpu",
      "byte_count" : 268435456,
      "correct" : true,
      "digest" : "becf6b3859f05bc9d47405cded4071e1914a9fdcf7ef595cad530e8d8a362b38",
      "iterations" : 7,
      "maximum_gib_per_second" : 12.48255064245691,
      "median_gib_per_second" : 12.104266148604076,
      "minimum_gib_per_second" : 11.799503033251048,
      "mode" : "parallel-10",
      "p95_gib_per_second" : 12.48255064245691,
      "sample_nanoseconds" : [
        20697250,
        21187333,
        20653875,
        20240291,
        20027958,
        21137209,
        20393625
      ],
      "size" : "256.0 MiB"
    },
    {
      "backend" : "official-c",
      "byte_count" : 268435456,
      "correct" : true,
      "digest" : "becf6b3859f05bc9d47405cded4071e1914a9fdcf7ef595cad530e8d8a362b38",
      "iterations" : 7,
      "maximum_gib_per_second" : 2.2275162859284454,
      "median_gib_per_second" : 2.2179842162742567,
      "minimum_gib_per_second" : 2.2019835467789384,
      "mode" : "one-shot",
      "p95_gib_per_second" : 2.2275162859284454,
      "sample_nanoseconds" : [
        113534000,
        112714959,
        112597959,
        112704000,
        112232625,
        113274958,
        113160542
      ],
      "size" : "256.0 MiB"
    },
    {
      "backend" : "cpu",
      "byte_count" : 268435456,
      "correct" : true,
      "digest" : "becf6b3859f05bc9d47405cded4071e1914a9fdcf7ef595cad530e8d8a362b38",
      "iterations" : 7,
      "maximum_gib_per_second" : 12.456945681488357,
      "median_gib_per_second" : 12.271118484471708,